<?xml version="1.0" encoding="UTF-8"?>
<GenRun Id="impl_2" LaunchPart="xc7a35tcpg236-1" LaunchTime="1748178065">
  <File Type="BITSTR-BMM" Name="Nanoprocessor_bd.bmm"/>
  <File Type="OPT-METHODOLOGY-DRC" Name="Nanoprocessor_methodology_drc_opted.rpt"/>
  <File Type="INIT-TIMING" Name="Nanoprocessor_timing_summary_init.rpt"/>
  <File Type="ROUTE-PWR" Name="Nanoprocessor_power_routed.rpt"/>
  <File Type="PA-TCL" Name="Nanoprocessor.tcl"/>
  <File Type="OPT-TIMING" Name="Nanoprocessor_timing_summary_opted.rpt"/>
  <File Type="OPT-DCP" Name="Nanoprocessor_opt.dcp"/>
  <File Type="ROUTE-PWR-SUM" Name="Nanoprocessor_power_summary_routed.pb"/>
  <File Type="REPORTS-TCL" Name="Nanoprocessor_reports.tcl"/>
  <File Type="OPT-DRC" Name="Nanoprocessor_drc_opted.rpt"/>
  <File Type="OPT-HWDEF" Name="Nanoprocessor.hwdef"/>
  <File Type="PWROPT-DCP" Name="Nanoprocessor_pwropt.dcp"/>
  <File Type="PWROPT-DRC" Name="Nanoprocessor_drc_pwropted.rpt"/>
  <File Type="PWROPT-TIMING" Name="Nanoprocessor_timing_summary_pwropted.rpt"/>
  <File Type="PLACE-DCP" Name="Nanoprocessor_placed.dcp"/>
  <File Type="PLACE-IO" Name="Nanoprocessor_io_placed.rpt"/>
  <File Type="PLACE-CLK" Name="Nanoprocessor_clock_utilization_placed.rpt"/>
  <File Type="PLACE-UTIL" Name="Nanoprocessor_utilization_placed.rpt"/>
  <File Type="PLACE-UTIL-PB" Name="Nanoprocessor_utilization_placed.pb"/>
  <File Type="PLACE-CTRL" Name="Nanoprocessor_control_sets_placed.rpt"/>
  <File Type="PLACE-SIMILARITY" Name="Nanoprocessor_incremental_reuse_placed.rpt"/>
  <File Type="PLACE-PRE-SIMILARITY" Name="Nanoprocessor_incremental_reuse_pre_placed.rpt"/>
  <File Type="BG-BGN" Name="Nanoprocessor.bgn"/>
  <File Type="PLACE-TIMING" Name="Nanoprocessor_timing_summary_placed.rpt"/>
  <File Type="POSTPLACE-PWROPT-DCP" Name="Nanoprocessor_postplace_pwropt.dcp"/>
  <File Type="BG-BIN" Name="Nanoprocessor.bin"/>
  <File Type="POSTPLACE-PWROPT-TIMING" Name="Nanoprocessor_timing_summary_postplace_pwropted.rpt"/>
  <File Type="PHYSOPT-DCP" Name="Nanoprocessor_physopt.dcp"/>
  <File Type="PHYSOPT-DRC" Name="Nanoprocessor_drc_physopted.rpt"/>
  <File Type="BITSTR-MSK" Name="Nanoprocessor.msk"/>
  <File Type="PHYSOPT-TIMING" Name="Nanoprocessor_timing_summary_physopted.rpt"/>
  <File Type="ROUTE-ERROR-DCP" Name="Nanoprocessor_routed_error.dcp"/>
  <File Type="ROUTE-DCP" Name="Nanoprocessor_routed.dcp"/>
  <File Type="ROUTE-BLACKBOX-DCP" Name="Nanoprocessor_routed_bb.dcp"/>
  <File Type="ROUTE-DRC" Name="Nanoprocessor_drc_routed.rpt"/>
  <File Type="ROUTE-DRC-PB" Name="Nanoprocessor_drc_routed.pb"/>
  <File Type="BITSTR-LTX" Name="debug_nets.ltx"/>
  <File Type="BITSTR-LTX" Name="Nanoprocessor.ltx"/>
  <File Type="ROUTE-DRC-RPX" Name="Nanoprocessor_drc_routed.rpx"/>
  <File Type="BITSTR-MMI" Name="Nanoprocessor.mmi"/>
  <File Type="ROUTE-METHODOLOGY-DRC" Name="Nanoprocessor_methodology_drc_routed.rpt"/>
  <File Type="ROUTE-METHODOLOGY-DRC-RPX" Name="Nanoprocessor_methodology_drc_routed.rpx"/>
  <File Type="BITSTR-SYSDEF" Name="Nanoprocessor.sysdef"/>
  <File Type="ROUTE-METHODOLOGY-DRC-PB" Name="Nanoprocessor_methodology_drc_routed.pb"/>
  <File Type="ROUTE-PWR-RPX" Name="Nanoprocessor_power_routed.rpx"/>
  <File Type="ROUTE-STATUS" Name="Nanoprocessor_route_status.rpt"/>
  <File Type="ROUTE-STATUS-PB" Name="Nanoprocessor_route_status.pb"/>
  <File Type="ROUTE-TIMINGSUMMARY" Name="Nanoprocessor_timing_summary_routed.rpt"/>
  <File Type="ROUTE-TIMING-PB" Name="Nanoprocessor_timing_summary_routed.pb"/>
  <File Type="ROUTE-TIMING-RPX" Name="Nanoprocessor_timing_summary_routed.rpx"/>
  <File Type="ROUTE-SIMILARITY" Name="Nanoprocessor_incremental_reuse_routed.rpt"/>
  <File Type="ROUTE-CLK" Name="Nanoprocessor_clock_utilization_routed.rpt"/>
  <File Type="ROUTE-BUS-SKEW" Name="Nanoprocessor_bus_skew_routed.rpt"/>
  <File Type="ROUTE-BUS-SKEW-PB" Name="Nanoprocessor_bus_skew_routed.pb"/>
  <File Type="ROUTE-BUS-SKEW-RPX" Name="Nanoprocessor_bus_skew_routed.rpx"/>
  <File Type="POSTROUTE-PHYSOPT-DCP" Name="Nanoprocessor_postroute_physopt.dcp"/>
  <File Type="POSTROUTE-PHYSOPT-BLACKBOX-DCP" Name="Nanoprocessor_postroute_physopt_bb.dcp"/>
  <File Type="POSTROUTE-PHYSOPT-TIMING" Name="Nanoprocessor_timing_summary_postroute_physopted.rpt"/>
  <File Type="POSTROUTE-PHYSOPT-TIMING-PB" Name="Nanoprocessor_timing_summary_postroute_physopted.pb"/>
  <File Type="POSTROUTE-PHYSOPT-TIMING-RPX" Name="Nanoprocessor_timing_summary_postroute_physopted.rpx"/>
  <File Type="POSTROUTE-PHYSOPT-BUS-SKEW" Name="Nanoprocessor_bus_skew_postroute_physopted.rpt"/>
  <File Type="POSTROUTE-PHYSOPT-BUS-SKEW-PB" Name="Nanoprocessor_bus_skew_postroute_physopted.pb"/>
  <File Type="BG-BIT" Name="Nanoprocessor.bit"/>
  <File Type="POSTROUTE-PHYSOPT-BUS-SKEW-RPX" Name="Nanoprocessor_bus_skew_postroute_physopted.rpx"/>
  <File Type="BITSTR-RBT" Name="Nanoprocessor.rbt"/>
  <File Type="BITSTR-NKY" Name="Nanoprocessor.nky"/>
  <File Type="BG-DRC" Name="Nanoprocessor.drc"/>
  <File Type="RDI-RDI" Name="Nanoprocessor.vdi"/>
  <File Type="WBT-USG" Name="usage_statistics_webtalk.html"/>
  <FileSet Name="sources" Type="DesignSrcs" RelSrcDir="$PSRCDIR/sources_1">
    <Filter Type="Srcs"/>
    <File Path="$PSRCDIR/sources_1/new/Add_Sub_4bit.vhd">
      <FileInfo>
        <Attr Name="ImportPath" Val="$PPRDIR/../Nanoprocessor/Nanoprocessor/Nanoprocessor.srcs/sources_1/new/Add_Sub_4bit.vhd"/>
        <Attr Name="ImportTime" Val="1747303945"/>
        <Attr Name="UsedIn" Val="synthesis"/>
        <Attr Name="UsedIn" Val="simulation"/>
      </FileInfo>
    </File>
    <File Path="$PSRCDIR/sources_1/new/Decoder_2_to_4.vhd">
      <FileInfo>
        <Attr Name="ImportPath" Val="$PPRDIR/../Nanoprocessor/Nanoprocessor/Nanoprocessor.srcs/sources_1/new/Decoder_2_to_4.vhd"/>
        <Attr Name="ImportTime" Val="1747304138"/>
        <Attr Name="UsedIn" Val="synthesis"/>
        <Attr Name="UsedIn" Val="simulation"/>
      </FileInfo>
    </File>
    <File Path="$PSRCDIR/sources_1/new/Decoder_3_to_8.vhd">
      <FileInfo>
        <Attr Name="ImportPath" Val="$PPRDIR/../Nanoprocessor/Nanoprocessor/Nanoprocessor.srcs/sources_1/new/Decoder_3_to_8.vhd"/>
        <Attr Name="ImportTime" Val="1747304048"/>
        <Attr Name="UsedIn" Val="synthesis"/>
        <Attr Name="UsedIn" Val="simulation"/>
      </FileInfo>
    </File>
    <File Path="$PSRCDIR/sources_1/new/Instruction_Dec.vhd">
      <FileInfo>
        <Attr Name="ImportPath" Val="$PPRDIR/../Nanoprocessor/Nanoprocessor/Nanoprocessor.srcs/sources_1/new/Instruction_Dec.vhd"/>
        <Attr Name="ImportTime" Val="1747314563"/>
        <Attr Name="UsedIn" Val="synthesis"/>
        <Attr Name="UsedIn" Val="simulation"/>
      </FileInfo>
    </File>
    <File Path="$PSRCDIR/sources_1/new/LUT_16_7.vhd">
      <FileInfo>
        <Attr Name="ImportPath" Val="$PPRDIR/../Nanoprocessor/Nanoprocessor/Nanoprocessor.srcs/sources_1/new/LUT_16_7.vhd"/>
        <Attr Name="ImportTime" Val="1747304503"/>
        <Attr Name="UsedIn" Val="synthesis"/>
        <Attr Name="UsedIn" Val="simulation"/>
      </FileInfo>
    </File>
    <File Path="$PSRCDIR/sources_1/new/Mux_2_to_1.vhd">
      <FileInfo>
        <Attr Name="ImportPath" Val="$PPRDIR/../Nanoprocessor/Nanoprocessor/Nanoprocessor.srcs/sources_1/new/Mux_2_to_1.vhd"/>
        <Attr Name="ImportTime" Val="1747303678"/>
        <Attr Name="UsedIn" Val="synthesis"/>
        <Attr Name="UsedIn" Val="simulation"/>
      </FileInfo>
    </File>
    <File Path="$PSRCDIR/sources_1/new/Mux_2way_4bit.vhd">
      <FileInfo>
        <Attr Name="ImportPath" Val="$PPRDIR/../Nanoprocessor/Nanoprocessor/Nanoprocessor.srcs/sources_1/new/Mux_2way_4bit.vhd"/>
        <Attr Name="ImportTime" Val="1747303716"/>
        <Attr Name="UsedIn" Val="synthesis"/>
        <Attr Name="UsedIn" Val="simulation"/>
      </FileInfo>
    </File>
    <File Path="$PSRCDIR/sources_1/new/Mux_8way_4bit.vhd">
      <FileInfo>
        <Attr Name="ImportPath" Val="$PPRDIR/../Nanoprocessor/Nanoprocessor/Nanoprocessor.srcs/sources_1/new/Mux_8way_4bit.vhd"/>
        <Attr Name="ImportTime" Val="1747303410"/>
        <Attr Name="UsedIn" Val="synthesis"/>
        <Attr Name="UsedIn" Val="simulation"/>
      </FileInfo>
    </File>
    <File Path="$PSRCDIR/sources_1/new/PC_3bit.vhd">
      <FileInfo>
        <Attr Name="ImportPath" Val="$PPRDIR/../Nanoprocessor/Nanoprocessor/Nanoprocessor.srcs/sources_1/new/PC_3bit.vhd"/>
        <Attr Name="ImportTime" Val="1747306467"/>
        <Attr Name="UsedIn" Val="synthesis"/>
        <Attr Name="UsedIn" Val="simulation"/>
      </FileInfo>
    </File>
    <File Path="$PSRCDIR/sources_1/new/Program_ROM.vhd">
      <FileInfo>
        <Attr Name="ImportPath" Val="$PPRDIR/../Nanoprocessor/Nanoprocessor/Nanoprocessor.srcs/sources_1/new/Program_ROM.vhd"/>
        <Attr Name="ImportTime" Val="1747304416"/>
        <Attr Name="UsedIn" Val="synthesis"/>
        <Attr Name="UsedIn" Val="simulation"/>
      </FileInfo>
    </File>
    <File Path="$PSRCDIR/sources_1/new/Reg.vhd">
      <FileInfo>
        <Attr Name="ImportPath" Val="$PPRDIR/../Nanoprocessor/Nanoprocessor/Nanoprocessor.srcs/sources_1/new/Reg.vhd"/>
        <Attr Name="ImportTime" Val="1747302607"/>
        <Attr Name="UsedIn" Val="synthesis"/>
        <Attr Name="UsedIn" Val="simulation"/>
      </FileInfo>
    </File>
    <File Path="$PSRCDIR/sources_1/new/Register_Bank.vhd">
      <FileInfo>
        <Attr Name="ImportPath" Val="$PPRDIR/../Nanoprocessor/Nanoprocessor/Nanoprocessor.srcs/sources_1/new/Register_Bank.vhd"/>
        <Attr Name="ImportTime" Val="1747302677"/>
        <Attr Name="UsedIn" Val="synthesis"/>
        <Attr Name="UsedIn" Val="simulation"/>
      </FileInfo>
    </File>
    <File Path="$PSRCDIR/sources_1/new/Slow_Clk.vhd">
      <FileInfo>
        <Attr Name="ImportPath" Val="$PPRDIR/../Nanoprocessor/Nanoprocessor/Nanoprocessor.srcs/sources_1/new/Slow_Clk.vhd"/>
        <Attr Name="ImportTime" Val="1747305359"/>
        <Attr Name="UsedIn" Val="synthesis"/>
        <Attr Name="UsedIn" Val="simulation"/>
      </FileInfo>
    </File>
    <File Path="$PSRCDIR/sources_1/new/Nanoprocessor.vhd">
      <FileInfo>
        <Attr Name="ImportPath" Val="$PPRDIR/../Nanoprocessor/Nanoprocessor/Nanoprocessor.srcs/sources_1/new/Nanoprocessor.vhd"/>
        <Attr Name="ImportTime" Val="1747312272"/>
        <Attr Name="UsedIn" Val="synthesis"/>
        <Attr Name="UsedIn" Val="simulation"/>
      </FileInfo>
    </File>
    <File Path="$PSRCDIR/sources_1/new/Mux_2way_3bit.vhd">
      <FileInfo>
        <Attr Name="AutoDisabled" Val="1"/>
        <Attr Name="ImportPath" Val="$PPRDIR/../Nanoprocessor/Nanoprocessor/Nanoprocessor.srcs/sources_1/new/Mux_2way_3bit.vhd"/>
        <Attr Name="ImportTime" Val="1747303774"/>
        <Attr Name="UsedIn" Val="synthesis"/>
        <Attr Name="UsedIn" Val="simulation"/>
      </FileInfo>
    </File>
    <File Path="$PSRCDIR/sources_1/new/RCA_3.vhd">
      <FileInfo>
        <Attr Name="AutoDisabled" Val="1"/>
        <Attr Name="ImportPath" Val="$PPRDIR/../Nanoprocessor/Nanoprocessor/Nanoprocessor.srcs/sources_1/new/RCA_3.vhd"/>
        <Attr Name="ImportTime" Val="1747304671"/>
        <Attr Name="UsedIn" Val="synthesis"/>
        <Attr Name="UsedIn" Val="simulation"/>
      </FileInfo>
    </File>
    <Config>
      <Option Name="DesignMode" Val="RTL"/>
      <Option Name="TopModule" Val="Nanoprocessor"/>
      <Option Name="TopAutoSet" Val="TRUE"/>
    </Config>
  </FileSet>
  <FileSet Name="constrs_in" Type="Constrs" RelSrcDir="$PSRCDIR/constrs_1">
    <Filter Type="Constrs"/>
    <File Path="$PSRCDIR/constrs_1/new/Basys3Labs.xdc">
      <FileInfo>
        <Attr Name="UsedIn" Val="synthesis"/>
        <Attr Name="UsedIn" Val="implementation"/>
      </FileInfo>
    </File>
    <Config>
      <Option Name="ConstrsType" Val="XDC"/>
    </Config>
  </FileSet>
  <Strategy Version="1" Minor="2">
    <StratHandle Name="Vivado Implementation Defaults" Flow="Vivado Implementation 2018"/>
    <Step Id="init_design"/>
    <Step Id="opt_design"/>
    <Step Id="power_opt_design"/>
    <Step Id="place_design"/>
    <Step Id="post_place_power_opt_design"/>
    <Step Id="phys_opt_design"/>
    <Step Id="route_design"/>
    <Step Id="post_route_phys_opt_design"/>
    <Step Id="write_bitstream"/>
  </Strategy>
</GenRun>
